{"playerPosX":2.60626411437988,"playerPosY":-0.5,"petPosX":2.77328944206238,"petPosY":-0.499994993209839}